path,folder,extension,real_format,extension_lies,size_kb,sheets_and_rows,what_it_is,made_by,period,stores,brands,sensitive,duplicate_of,readme,data_notes
KDPS DEBIT & CREDIT NOTE DETAILS.xlsx,.,.xlsx,xlsx,no,1486.3,DATA BASE (282); CREDIT NOTE DATA SHEET (1000); KDPS CN & DN SHEET (866); KDPS CN & DN SHEET-BRAND (781); 2025-26-SUMMARY (370); 2025-26_SOFTWARE (14137); 2026-27-SUMMARY (105); 2026-27_SOFTWARE (2293),"Accounts tracker of Supplier return claims, debit notes (DN), credit notes (CN) and settlements, with the item lines behind the debit notes on two hidden sheets.",KDPS staff (guess),Claims 15 Sep to 12 Nov 2025; debit notes 4 Apr 2025 to 19 May 2026; item lines to 25 May 2026; summaries to 15 Jun 2026,Warehouse (WH debit-note series; guess),many (281 brands),GST and tax IDs; cost and margin; staff names,,docs/data-from-kdps/README.md,offers-and-brand-reports.md; pos-export-layouts.json; pos-exports.md; purchases-and-supplier-notes.md; stores-and-codes.md; transfers.md
KDPS INVOICE & OFFER DETAILS..xlsx,.,.xlsx,xlsx,no,691.9,Arvind & LC Invoice Details. (1001); OFFER DETAILS. (105); SUPPLIER DATA BASE (262); INVOICE DETAILS. (1994); COMPILED PT FILE (998); SUMMARY (1001),"Accounts and merchandising tracker with supplier invoices, brand offer calendar, supplier database (with payment terms), a compiled PT sheet and a party ledger summary.",KDPS staff,Invoices 28 Oct 2024 to 1 Jun 2026; offers 3 Sep 2025 to 11 Jun 2026,"Hazaribagh (in remarks and comments); Deoghar (guess, stray note)","many (offers: U. S. Polo, U. S. Polo Kids, Flying Machine, Arrow, Spykar, Linen Club)",bank details; cost and margin; staff names,,docs/data-from-kdps/README.md,data-quality-and-import-rules.md; offers-and-brand-reports.md; pos-exports.md; pt-file-layouts.md; purchases-and-supplier-notes.md; store-close-cash-and-bank.md; transfers.md
KDPS PT FILE SHEET.xlsx,.,.xlsx,xlsx,no,2560.6,"Master Sheet (593); ""OWNER"" Work Sheet (16342); ""DEBANJAN"" Work Sheet (2477); ""MAHENDRA"" Work Sheet (2342); ""Office"" Work Sheet (2342); ""PRAVIN JI "" Work Sheet (1000); ""NARESH"" Work Sheet (2342); ""ANKIT"" Work Sheet (1000); ""SANTOSH"" Work Sheet (1000); ""GULSHAN"" Work Sheet (1000)","KDPS PT (price ticket) file template with one work sheet per person, drop-down master lists, tax and margin formulas and about 320 filled PT lines.",KDPS staff,Seasons May-26 and Jun-26 (file dated 21 Jun 2026),,"Levis, Van Heusen, Flying Machine, Status Quo, Tomboy",cost and margin; staff names,,docs/data-from-kdps/README.md,access-and-store-asks.md; data-quality-and-import-rules.md; item-master-vocabulary.md; pt-file-layouts.md; pt-layouts.json; store-close-cash-and-bank.md
pt-master-sheet.xlsx,.,.xlsx,xlsx,no,80.8,Master Sheet (593),"Stand-alone copy of the Master Sheet drop-down lists (season, brand, colour, gender, item, fit, size, GST) of the KDPS PT file.",ERP team scoping,Season list Jan 2025 to Oct 2026 (file created 1 Oct 2026),,many (592 brand names),none,"KDPS PT FILE SHEET.xlsx (its Master Sheet, identical cells)",docs/data-from-kdps/README.md,data-quality-and-import-rules.md; item-master-vocabulary.md; pt-file-layouts.md
report-offer.md,.,.md,text,no,3.1,,English translation of a call (about 19 Jun 2026) about the dummy Blackberry and Mufti offer report: offers applied from the AMM list at the best percentage; wish to club sales across days for the best benefit; refresh weekly or fortnightly.,ERP team scoping,Call about 19 Jun 2026,,Blackberry; Mufti,none,,docs/data-from-kdps/README.md,access-and-store-asks.md; offers-and-brand-reports.md
05-reference-data/KDPS-logo.png,05-reference-data,.png,png,no,13.5,,KDPS logo image (four-petal flower with a needle; white wordmark on a transparent background).,KDPS staff (guess),,,,none,,docs/data-from-kdps/05-reference-data/README.md,
05-reference-data/pt-file-format.xlsx,05-reference-data,.xlsx,xlsx,no,375.9,"Master Sheet (591); ""OWNER"" Work Sheet (2342)",Blank KDPS PT file template with an older Master Sheet (590 brands) and one empty OWNER work sheet carrying the formulas and drop-downs.,ERP team scoping,Template saved 8 Jun 2026,,many (590 brand names),none,KDPS PT FILE SHEET.xlsx (older Master Sheet: 590 brands against 592),docs/data-from-kdps/05-reference-data/README.md,data-quality-and-import-rules.md; item-master-vocabulary.md; pt-file-layouts.md; pt-layouts.json
05-reference-data/vendor-files/DA-26-27-0119 VAISHNAVI DEOGHAR PT FILE.xlsx,05-reference-data/vendor-files,.xlsx,xlsx,no,20.8,Sheet1 (126); Sheet2 (0); Sheet3 (0),"PT file in the 20-column KDPS layout for vendor invoice DA/26-27/0119 (124 piece rows, 102 distinct barcodes, T-shirts and lowers).",unknown,Invoice dated 20 Apr 2026 (file saved 25 Apr 2026),Deoghar (Vaishnavi Store),Status Quo,cost and margin,"05-reference-data/vendor-files/VSN DEO DA-26-27-0119.pdf (same invoice, as a PT file)",docs/data-from-kdps/05-reference-data/vendor-files/README.md,item-master-vocabulary.md; pt-file-layouts.md; pt-layouts.json; purchases-and-supplier-notes.md
05-reference-data/vendor-files/OMKAR CREATION.pdf,05-reference-data/vendor-files,.pdf,pdf,no,8.4,1 pages,"One-page ledger of the supplier Omkar Creation as kept in the supplier's own software, one sale of Rs 79,643 unpaid.",vendor or brand,1 Apr 2025 to 22 Apr 2026 (one entry dated 24 Jan 2026),Ranchi (office name in the ledger),,GST and tax IDs,,docs/data-from-kdps/05-reference-data/vendor-files/README.md,purchases-and-supplier-notes.md
05-reference-data/vendor-files/Prem Clothing Ledger FY- 2025-26.pdf,05-reference-data/vendor-files,.pdf,pdf,no,2.2,1 pages,"One-page supplier ledger of Prem Clothing printed from KDPS's own TallyPrime books: 7 purchases, 4 payments, Rs 46,375 still payable.",KDPS staff,1 Apr 2025 to 31 Mar 2026,,,none,,docs/data-from-kdps/05-reference-data/vendor-files/README.md,purchases-and-supplier-notes.md; stores-and-codes.md
05-reference-data/vendor-files/VSN DEO DA-26-27-0119.pdf,05-reference-data/vendor-files,.pdf,pdf,no,5679.1,6 pages,"Scanned or photographed 6-page tax invoice DA/26-27/0119 from D Apparel to the Deoghar Store (102 lines, 124 pieces, Rs 1,19,917), image only.",vendor or brand,Invoice dated 20 Apr 2026,Deoghar,Status Quo (inferred from the matching PT file),GST and tax IDs; cost and margin,"05-reference-data/vendor-files/DA-26-27-0119 VAISHNAVI DEOGHAR PT FILE.xlsx (same invoice, as a PT file)",docs/data-from-kdps/05-reference-data/vendor-files/README.md,data-quality-and-import-rules.md; pt-file-layouts.md; purchases-and-supplier-notes.md
Q&A-req-recieved/LIST OF ALL STORES.xlsx,Q&A-req-recieved,.xlsx,xlsx,no,49.5,STORE LIST (18),"KDPS list of the 17 Stores and the warehouse that use the earlier software, with CLOUD and RETAIL JI yes/no flags.",KDPS staff,"Snapshot, file saved 13 Jun 2026","Vaishnavi (Bhagalpur, Kahelgaon, Singh More, Deogarh, Banka); MBO (Sahebgunj, Dumka, Bokaro, Gaya, Kankarbagh); Jainsons-Lifestyle Hazaribagh; Lee, Allen Solly and Spykar Deogarh; Jockey Banka; Peter England Kankarbagh; Warehouse Ranchi",Lee; Allen Solly; Spykar; Jockey; Peter England (single-brand Store names),none,,docs/data-from-kdps/Q&A-req-recieved/README.md,offers-and-brand-reports.md; pos-exports.md; stores-and-codes.md
Q&A-req-recieved/MOM_S.xlsx,Q&A-req-recieved,.xlsx,xlsx,no,53.9,11.6.26 (14); USERS (0),"The 13-line data-request checklist KDPS agreed with the ERP team (requirement, provider, status); the USERS sheet is empty.",KDPS staff,Checklist dated 11 Jun 2026,,,none,,docs/data-from-kdps/Q&A-req-recieved/README.md,access-and-store-asks.md; pos-exports.md; stores-and-codes.md; transfers.md
Q&A-req-recieved/SALE REPORT FORMAT.xlsx,Q&A-req-recieved,.xlsx,xlsx,no,17.4,Sheet1 (58),"Sample bill-line sales report from the earlier POS for one Store (21 bills, 54 lines), sent as the layout for the sales import.",KDPS old POS export,12 and 13 Jun 2026,Vaishnavi Singh More (bill series SGMR; guess),many (28 brands),customer names and phones; staff names,,docs/data-from-kdps/Q&A-req-recieved/README.md,access-and-store-asks.md; data-quality-and-import-rules.md; item-master-vocabulary.md; pos-export-layouts.json; pos-exports.md; store-close-cash-and-bank.md; stores-and-codes.md
Q&A-req-recieved/SOH REPORT FORMAT.xlsx,Q&A-req-recieved,.xlsx,xlsx,no,2360.5,Sheet1 (22389),"Sample stock-on-hand movement report from the earlier POS, one row per barcode (22,387 rows), sent as the layout for the SOH import.",KDPS old POS export,,not stated,many (778 brands),cost and margin,,docs/data-from-kdps/Q&A-req-recieved/README.md,data-quality-and-import-rules.md; item-master-vocabulary.md; pos-export-layouts.json; pos-exports.md; stores-and-codes.md; transfers.md
Q&A-req-recieved/SUPPLIER BRAND DETAILS.xlsx,Q&A-req-recieved,.xlsx,xlsx,no,2582.6,BRAND (1164); BARCODE (361),"KDPS brand-to-supplier map (1,163 brands, 281 suppliers) and a YES/NO barcode flag per supplier (360 rows).",KDPS staff,,,"many (1,163 brands)",none,,docs/data-from-kdps/Q&A-req-recieved/README.md,data-quality-and-import-rules.md; item-master-vocabulary.md; pt-file-layouts.md; purchases-and-supplier-notes.md; stores-and-codes.md
Q&A-req-recieved/BRAND OFFERS/ALLEN SOLLY-1.png,Q&A-req-recieved/BRAND OFFERS,.png,png,no,132.4,,Crop of the table in the May 2026 Allen Solly offer email (12 plus 5 rows).,vendor or brand (guess),May 2026 (offers start 1 May),,Allen Solly,none,Q&A-req-recieved/BRAND OFFERS/ALLEN SOLLY/Allensolly MAY.jpeg (crop of the same email),docs/data-from-kdps/Q&A-req-recieved/BRAND OFFERS/README.md,offers-and-brand-reports.md
Q&A-req-recieved/BRAND OFFERS/ALLEN SOLLY-2.png,Q&A-req-recieved/BRAND OFFERS,.png,png,no,22.5,,"Crop of the table in the June 2026 Allen Solly offer email (one row, men's B1@30%).",vendor or brand (guess),10 to 18 Jun 2026,,Allen Solly,none,Q&A-req-recieved/BRAND OFFERS/ALLEN SOLLY/Allensolly JUNE.jpeg (crop of the same email),docs/data-from-kdps/Q&A-req-recieved/BRAND OFFERS/README.md,offers-and-brand-reports.md
Q&A-req-recieved/BRAND OFFERS/ALLEN SOLLY-3.png,Q&A-req-recieved/BRAND OFFERS,.png,png,no,121.9,,Crop of the tables in the April 2026 Allen Solly offer email (10 plus 5 plus 1 rows).,vendor or brand (guess),April 2026 (offers start 1 Apr),,Allen Solly,none,Q&A-req-recieved/BRAND OFFERS/ALLEN SOLLY/Allensolly APRIL.jpeg (crop of the same email),docs/data-from-kdps/Q&A-req-recieved/BRAND OFFERS/README.md,offers-and-brand-reports.md
Q&A-req-recieved/BRAND OFFERS/BRAND OFFERS.xlsx,Q&A-req-recieved/BRAND OFFERS,.xlsx,xlsx,no,77.1,USPS-FM-ARROW-LC-SPYKAR (105); BLACKBERRY (13); MUFTI (22); KILLER (7); LIBAS (10); PARX (7); SWEET DREAMS (5),"Offer spreadsheet in 7 sheets for non-Madura brands: US Polo, US Polo Kids, Flying Machine, Arrow, Spykar and Linen Club (first sheet), then Blackberry, Mufti, Killer, Libas, Parx and Sweet Dreams.",KDPS staff (guess),Mufti rows from 14 Mar 2025; other brands from 3 Sep 2025; to Jun 2026 and open-ended rows,,U. S. Polo; U. S. Polo Kids; Flying Machine; Arrow; Spykar; Linen Club; Blackberry; Mufti; Killer; Libas; Parx; Sweet Dreams,none,KDPS INVOICE & OFFER DETAILS..xlsx (first sheet equals its OFFER DETAILS. sheet),docs/data-from-kdps/Q&A-req-recieved/BRAND OFFERS/README.md,data-quality-and-import-rules.md; offers-and-brand-reports.md
Q&A-req-recieved/BRAND OFFERS/ALLEN SOLLY/Allensolly APRIL.jpeg,Q&A-req-recieved/BRAND OFFERS/ALLEN SOLLY,.jpeg,jpeg,no,242.0,,"Phone screenshot of the Allen Solly trade team's April 2026 offer email (three tables: AMM slabs, ABV bill-value offers, promo gifts).",vendor or brand,"April 2026 (offers start 1 Apr, end ""further communication"")",,Allen Solly,staff names,Q&A-req-recieved/BRAND OFFERS/ALLEN SOLLY-3.png (crop of the same email),docs/data-from-kdps/Q&A-req-recieved/BRAND OFFERS/ALLEN SOLLY/README.md,offers-and-brand-reports.md
Q&A-req-recieved/BRAND OFFERS/ALLEN SOLLY/Allensolly JUNE.jpeg,Q&A-req-recieved/BRAND OFFERS/ALLEN SOLLY,.jpeg,jpeg,no,285.2,,Phone screenshot of the Allen Solly June 2026 offer email (men's B1@30% on AMM style codes).,vendor or brand,10 to 18 Jun 2026,,Allen Solly,staff names,Q&A-req-recieved/BRAND OFFERS/ALLEN SOLLY-2.png (crop of the same email),docs/data-from-kdps/Q&A-req-recieved/BRAND OFFERS/ALLEN SOLLY/README.md,offers-and-brand-reports.md
Q&A-req-recieved/BRAND OFFERS/ALLEN SOLLY/Allensolly MAY.jpeg,Q&A-req-recieved/BRAND OFFERS/ALLEN SOLLY,.jpeg,jpeg,no,219.8,,Phone screenshot of the Allen Solly May 2026 offer email (12 plus 5 rows; right edge cut off).,vendor or brand,May 2026 (offers start 1 May),,Allen Solly,staff names,Q&A-req-recieved/BRAND OFFERS/ALLEN SOLLY-1.png (crop of the same email),docs/data-from-kdps/Q&A-req-recieved/BRAND OFFERS/ALLEN SOLLY/README.md,offers-and-brand-reports.md
Q&A-req-recieved/BRAND OFFERS/LOUIS PHILLIPE/LP APRIL.jpeg,Q&A-req-recieved/BRAND OFFERS/LOUIS PHILLIPE,.jpeg,jpeg,no,64.4,,Phone screenshot cut short of the Louis Philippe offer email (first 8 rows); it is not a separate April email despite its name.,vendor or brand,Rows start 4 Feb and 11 Apr (year 2026 assumed),,"Louis Philippe (sub-brands LP, LY, LA, LX, LR)",staff names,"Q&A-req-recieved/BRAND OFFERS/LOUIS PHILLIPE/LP MAY.jpeg (same email, cut short)",docs/data-from-kdps/Q&A-req-recieved/BRAND OFFERS/LOUIS PHILLIPE/README.md,offers-and-brand-reports.md
Q&A-req-recieved/BRAND OFFERS/LOUIS PHILLIPE/LP MAY.jpeg,Q&A-req-recieved/BRAND OFFERS/LOUIS PHILLIPE,.jpeg,jpeg,no,83.8,,"Phone screenshot of the Louis Philippe trade team's offer email with the full 9-row table (Buy 1 Get 30%, suit flat prices, ABV offer).",vendor or brand,"Rows start 4 Feb, 11 Apr and 21 May (year 2026 assumed)",,"Louis Philippe (sub-brands LP, LY, LA, LX, LR)",staff names,Q&A-req-recieved/BRAND OFFERS/PETER ENGLAND/PE MAY.jpeg (byte-identical copy),docs/data-from-kdps/Q&A-req-recieved/BRAND OFFERS/LOUIS PHILLIPE/README.md,offers-and-brand-reports.md
Q&A-req-recieved/BRAND OFFERS/PETER ENGLAND/PE ABV OFFER.jpeg,Q&A-req-recieved/BRAND OFFERS/PETER ENGLAND,.jpeg,jpeg,no,209.8,,"Phone screenshot of a Peter England offer table (AMM and bill-value offers), with no date and no sender visible.",vendor or brand,Undated,,Peter England,none,,docs/data-from-kdps/Q&A-req-recieved/BRAND OFFERS/PETER ENGLAND/README.md,offers-and-brand-reports.md
Q&A-req-recieved/BRAND OFFERS/PETER ENGLAND/PE JUNE.jpeg,Q&A-req-recieved/BRAND OFFERS/PETER ENGLAND,.jpeg,jpeg,no,273.6,,"Phone screenshot of the Peter England June 2026 email: AMM, bill-value, bag and ""GST benefit"" rows, all valid 1 to 22 Jun 2026.",vendor or brand,1 to 22 Jun 2026,,Peter England,none,,docs/data-from-kdps/Q&A-req-recieved/BRAND OFFERS/PETER ENGLAND/README.md,offers-and-brand-reports.md
Q&A-req-recieved/BRAND OFFERS/PETER ENGLAND/PE MAY.jpeg,Q&A-req-recieved/BRAND OFFERS/PETER ENGLAND,.jpeg,jpeg,no,83.8,,Byte-identical copy of the Louis Philippe email screenshot saved under a Peter England name; there is no Peter England May offer here.,vendor or brand,"Rows start 4 Feb, 11 Apr and 21 May (year 2026 assumed)",,Louis Philippe,staff names,Q&A-req-recieved/BRAND OFFERS/LOUIS PHILLIPE/LP MAY.jpeg (byte-identical),docs/data-from-kdps/Q&A-req-recieved/BRAND OFFERS/PETER ENGLAND/README.md,offers-and-brand-reports.md
Q&A-req-recieved/BRAND OFFERS/VAN HEUSEN/VH ADDITIONAL OFFER 2.jpeg,Q&A-req-recieved/BRAND OFFERS/VAN HEUSEN,.jpeg,jpeg,no,49.9,,"Offer artwork card: Shop for Rs 7999 and get Rs 750 off, with T&C footnote.",vendor or brand,Undated,,Van Heusen,none,,docs/data-from-kdps/Q&A-req-recieved/BRAND OFFERS/VAN HEUSEN/README.md,offers-and-brand-reports.md
Q&A-req-recieved/BRAND OFFERS/VAN HEUSEN/VH ADDITIONAL OFFER.jpeg,Q&A-req-recieved/BRAND OFFERS/VAN HEUSEN,.jpeg,jpeg,no,46.7,,Offer artwork card: Buy 2 and get Rs 1000 off.,vendor or brand,Undated,,Van Heusen,none,,docs/data-from-kdps/Q&A-req-recieved/BRAND OFFERS/VAN HEUSEN/README.md,offers-and-brand-reports.md
Q&A-req-recieved/BRAND OFFERS/VAN HEUSEN/VH APRIL 1.jpeg,Q&A-req-recieved/BRAND OFFERS/VAN HEUSEN,.jpeg,jpeg,no,80.8,,"Phone screenshot of a follow-up Van Heusen email: 750 additional shopping becomes 750 off, plus a one-row offer table starting 19 Mar 2026.",vendor or brand,Offer start 19 Mar 2026 (India-wide),,"Van Heusen (sub-brands VS, VD, VX, VF, VW, HOVH)",none,,docs/data-from-kdps/Q&A-req-recieved/BRAND OFFERS/VAN HEUSEN/README.md,offers-and-brand-reports.md
Q&A-req-recieved/BRAND OFFERS/VAN HEUSEN/VH APRIL 2.jpeg,Q&A-req-recieved/BRAND OFFERS/VAN HEUSEN,.jpeg,jpeg,no,235.9,,Phone screenshot of the middle of the Van Heusen main offer table (rows 9 to 16); overlaps VH APRIL 3.,vendor or brand,Undated,,Van Heusen,none,Q&A-req-recieved/BRAND OFFERS/VAN HEUSEN/VH APRIL 3.jpeg (overlaps rows 9 to 16),docs/data-from-kdps/Q&A-req-recieved/BRAND OFFERS/VAN HEUSEN/README.md,offers-and-brand-reports.md
Q&A-req-recieved/BRAND OFFERS/VAN HEUSEN/VH APRIL 3.jpeg,Q&A-req-recieved/BRAND OFFERS/VAN HEUSEN,.jpeg,jpeg,no,240.4,,Phone screenshot of the lower part of the Van Heusen main offer table (rows 9 to 17); overlaps VH APRIL 2.,vendor or brand,Undated,,Van Heusen,none,Q&A-req-recieved/BRAND OFFERS/VAN HEUSEN/VH APRIL 2.jpeg (overlaps rows 9 to 16),docs/data-from-kdps/Q&A-req-recieved/BRAND OFFERS/VAN HEUSEN/README.md,offers-and-brand-reports.md
Q&A-req-recieved/BRAND OFFERS/VAN HEUSEN/VH APRIL 4.jpeg,Q&A-req-recieved/BRAND OFFERS/VAN HEUSEN,.jpeg,jpeg,no,244.1,,Phone screenshot of the top of the Van Heusen main offer table (header and rows 1 to 8).,vendor or brand,Undated,,Van Heusen,none,,docs/data-from-kdps/Q&A-req-recieved/BRAND OFFERS/VAN HEUSEN/README.md,offers-and-brand-reports.md
Q&A-req-recieved/BRAND OFFERS/VAN HEUSEN/VH APRIL 5.jpeg,Q&A-req-recieved/BRAND OFFERS/VAN HEUSEN,.jpeg,jpeg,no,179.3,,"Phone screenshot of the Van Heusen promo (gift at a token price) table, four rows.",vendor or brand,Undated,,Van Heusen,none,,docs/data-from-kdps/Q&A-req-recieved/BRAND OFFERS/VAN HEUSEN/README.md,offers-and-brand-reports.md
Q&A-req-recieved/PT FILE/36257 KDPS SUVIDHI.xls,Q&A-req-recieved/PT FILE,.xls,xls (OLE2),no,33.0,Sheet1 (57),"Vendor item list with no bill header (55 item rows, 55 pieces, one filler row), a bare list from an accounting program used as a PT file.",vendor or brand,,,Not stated (Celsius per the supplier map; guess),cost and margin,,docs/data-from-kdps/Q&A-req-recieved/PT FILE/README.md,pt-file-layouts.md; pt-layouts.json; purchases-and-supplier-notes.md
Q&A-req-recieved/PT FILE/AMIDHARA.xlsx,Q&A-req-recieved/PT FILE,.xlsx,xlsx,no,13.3,ANOKHI (17); AMIDHARA (49),"Vendor item lists in two layouts on two sheets (ANOKHI 16 pieces, AMIDHARA 48 pieces): kids sarees and plazo jackets with MRP but no cost.",vendor or brand,,,Anokkhi; Amidhara,none,,docs/data-from-kdps/Q&A-req-recieved/PT FILE/README.md,pt-file-layouts.md; pt-layouts.json; purchases-and-supplier-notes.md
Q&A-req-recieved/PT FILE/ARVIND ALL BRAND & SPYKAR_PT.xlsx,Q&A-req-recieved/PT FILE,.xlsx,xlsx,no,7.3,Sheet1 (17),"Vendor sales-register print with e-invoice columns (11 item rows, 13 pieces); holds Flying Machine only although the file name says all brands and Spykar.",vendor or brand,21 to 23 May 2026 (voucher dated 21 May 2026),,Flying Machine,cost and margin; GST and tax IDs,,docs/data-from-kdps/Q&A-req-recieved/PT FILE/README.md,data-quality-and-import-rules.md; pt-file-layouts.md; pt-layouts.json; purchases-and-supplier-notes.md
Q&A-req-recieved/PT FILE/AS INNERWEAR.csv,Q&A-req-recieved/PT FILE,.csv,xls (OLE2),yes,27.0,INVOICE (40),"Printed tax invoice of T.T. Apparels (10 item rows, 155 pieces) for socks and handkerchiefs of four Madura brands, saved as a binary .xls under a .csv name.",vendor or brand,Invoice dated 16 Mar 2026,Hazaribagh,Allen Solly; Louis Philippe; Peter England; Van Heusen,cost and margin; GST and tax IDs,,docs/data-from-kdps/Q&A-req-recieved/PT FILE/README.md,data-quality-and-import-rules.md; pt-file-layouts.md; pt-layouts.json; purchases-and-supplier-notes.md; stores-and-codes.md
Q&A-req-recieved/PT FILE/BANJARAN.xlsx,Q&A-req-recieved/PT FILE,.xlsx,xlsx,no,10.9,Sheet1 (12),"Vendor sales-voucher export with 40 mostly empty columns (11 item rows, 37 pieces) of cotton kurti sets.",vendor or brand,Invoice dated 26 Mar 2026,,Banjaran,cost and margin; GST and tax IDs,,docs/data-from-kdps/Q&A-req-recieved/PT FILE/README.md,offers-and-brand-reports.md; pt-file-layouts.md; pt-layouts.json; purchases-and-supplier-notes.md; stores-and-codes.md
Q&A-req-recieved/PT FILE/BEEVEE 390.xlsx,Q&A-req-recieved/PT FILE,.xlsx,xlsx,no,12.1,PT EMAIL _Dont touch (25),"Vendor PT EMAIL layout (24 item rows, 33 pieces) of Beevee pyjamas and cargos; the reference site code is Hazaribagh.",vendor or brand,Invoice dated 23 Oct 2025,Hazaribagh (site code KDPS-HZB-BV),Beevee,cost and margin,,docs/data-from-kdps/Q&A-req-recieved/PT FILE/README.md,item-master-vocabulary.md; pt-file-layouts.md; pt-layouts.json; purchases-and-supplier-notes.md; stores-and-codes.md
Q&A-req-recieved/PT FILE/BK ENTERPRISES_LC_PT.xlsx,Q&A-req-recieved/PT FILE,.xlsx,xlsx,no,7.1,Sheet1 (19),"Vendor sales-register print (13 item rows, 13 pieces) of Little Pink ladies kurtis; the file name says LC but the data is Little Pink.",vendor or brand,14 Apr 2026,,Little Pink,cost and margin,,docs/data-from-kdps/Q&A-req-recieved/PT FILE/README.md,pt-file-layouts.md; pt-layouts.json; purchases-and-supplier-notes.md
Q&A-req-recieved/PT FILE/BLACKBERRY.xlsx,Q&A-req-recieved/PT FILE,.xlsx,xlsx,no,15.0,Sheet2 (30),"Brand invoice extract in an SAP-like layout with 41 columns (29 item rows, 41 pieces) of Blackberrys formal shirts.",vendor or brand,Invoice dated 28 Feb 2026,,Blackberry,cost and margin; GST and tax IDs; staff names,,docs/data-from-kdps/Q&A-req-recieved/PT FILE/README.md,data-quality-and-import-rules.md; item-master-vocabulary.md; pt-file-layouts.md; pt-layouts.json; purchases-and-supplier-notes.md
Q&A-req-recieved/PT FILE/DEAL SS26 2970.xlsx,Q&A-req-recieved/PT FILE,.xlsx,xlsx,no,15.4,Sheet1 (61),"Vendor sales register (55 item rows, 108 pieces) of Deal women's jeans and tops, invoiced to Om Ganpati Enterprises with a Jainsons Lifestyle narration.",vendor or brand,Register 1 to 7 Feb 2026 (voucher dated 3 Feb 2026),Hazaribagh (Jainsons Lifestyle in the narration),Deal,cost and margin; GST and tax IDs,,docs/data-from-kdps/Q&A-req-recieved/PT FILE/README.md,pt-file-layouts.md; pt-layouts.json; purchases-and-supplier-notes.md; stores-and-codes.md
Q&A-req-recieved/PT FILE/DSY.xlsx,Q&A-req-recieved/PT FILE,.xlsx,xlsx,no,12.7,Sheet1 (24),"Vendor item list (23 item rows) of DSY men's indo-western and kurta sets, with the invoice total repeated on every row and a rate formula.",vendor or brand,Invoice dated 13 Feb 2026,,DSY,cost and margin,,docs/data-from-kdps/Q&A-req-recieved/PT FILE/README.md,data-quality-and-import-rules.md; item-master-vocabulary.md; pt-file-layouts.md; pt-layouts.json; purchases-and-supplier-notes.md
Q&A-req-recieved/PT FILE/FAHRENHEIT 60518.xls,Q&A-req-recieved/PT FILE,.xls,xls (OLE2),no,11.5,Sheet1 (33),"Vendor bare item list (31 item rows, 35 pieces) of T-shirts with a damaged OLE2 header that readers warn about.",vendor or brand,,,Fahrenheit,cost and margin,,docs/data-from-kdps/Q&A-req-recieved/PT FILE/README.md,data-quality-and-import-rules.md; pt-file-layouts.md; pt-layouts.json; purchases-and-supplier-notes.md
Q&A-req-recieved/PT FILE/HYPHEN.xlsx,Q&A-req-recieved/PT FILE,.xlsx,xlsx,no,10.0,PT FILE BILL NO WISE (13),"Vendor PT EMAIL sibling layout (10 item rows, 10 pieces) of Hyphen 3-piece suits and blazers for the Ranchi Site; no brand column.",vendor or brand,Invoice dated 23 Mar 2026,Ranchi,Hyphen,cost and margin; staff names,,docs/data-from-kdps/Q&A-req-recieved/PT FILE/README.md,pt-file-layouts.md; pt-layouts.json; purchases-and-supplier-notes.md; stores-and-codes.md
Q&A-req-recieved/PT FILE/JOCKEY 852.xls,Q&A-req-recieved/PT FILE,.xls,xls (OLE2),no,13.0,Sheet1 (21),"Jockey bill-wise item list (9 item rows, 16 pieces) of tank tops and track pants.",vendor or brand,3 Mar 2026,,Jockey,cost and margin,,docs/data-from-kdps/Q&A-req-recieved/PT FILE/README.md,pt-file-layouts.md; pt-layouts.json; purchases-and-supplier-notes.md; stores-and-codes.md
Q&A-req-recieved/PT FILE/JOCKEY PARAS.xls,Q&A-req-recieved/PT FILE,.xls,xls (OLE2),no,41.0,Sheet1 (55),"Jockey bill-wise item list (43 item rows, 146 pieces) of vests, boxer shorts, trunks and briefs.",vendor or brand,18 Apr 2026,,Jockey,cost and margin,,docs/data-from-kdps/Q&A-req-recieved/PT FILE/README.md,pt-file-layouts.md; pt-layouts.json; purchases-and-supplier-notes.md; stores-and-codes.md
Q&A-req-recieved/PT FILE/JOCKEY-NARAYANI.xls,Q&A-req-recieved/PT FILE,.xls,xls (OLE2),no,1477.0,Sheet3 (31),"Jockey bill-wise item list (30 item rows, 39 pieces) of briefs and trunks; 1.5 MB for 31 rows, not explained.",vendor or brand,18 Apr 2026,,Jockey,cost and margin,,docs/data-from-kdps/Q&A-req-recieved/PT FILE/README.md,data-quality-and-import-rules.md; pt-file-layouts.md; pt-layouts.json; purchases-and-supplier-notes.md; stores-and-codes.md
Q&A-req-recieved/PT FILE/JOCKEY-NARVADA.xls,Q&A-req-recieved/PT FILE,.xls,xls (OLE2),no,9.5,Sheet1 (14),"Jockey bill-wise item list (2 item rows, 20 pieces) of handkerchiefs.",vendor or brand,18 to 20 Apr 2026 (bill dated 18 Apr),,Jockey,cost and margin,,docs/data-from-kdps/Q&A-req-recieved/PT FILE/README.md,pt-file-layouts.md; pt-layouts.json; purchases-and-supplier-notes.md; stores-and-codes.md
Q&A-req-recieved/PT FILE/JOCKEY.xlsx,Q&A-req-recieved/PT FILE,.xlsx,xlsx,no,12.0,Sheet1 (8),"Jockey invoice print (6 item rows, 60 pieces) of bikinis, addressed to D D Developers rather than KDPS.",vendor or brand,6 Apr 2026,,Jockey,cost and margin,,docs/data-from-kdps/Q&A-req-recieved/PT FILE/README.md,pt-file-layouts.md; pt-layouts.json; purchases-and-supplier-notes.md; stores-and-codes.md
Q&A-req-recieved/PT FILE/JOCKEY_DD SALES.xls,Q&A-req-recieved/PT FILE,.xls,xls (OLE2),no,97.5,Sheet1 (197),"Jockey bill-wise item list (185 item rows, 349 pieces), almost all bras.",vendor or brand,1 to 4 May 2026 (every line dated 1 May 2026),,Jockey,cost and margin,,docs/data-from-kdps/Q&A-req-recieved/PT FILE/README.md,data-quality-and-import-rules.md; pt-file-layouts.md; pt-layouts.json; purchases-and-supplier-notes.md; stores-and-codes.md
Q&A-req-recieved/PT FILE/KILLER JUNIOR.xlsx,Q&A-req-recieved/PT FILE,.xlsx,xlsx,no,8.5,Report (29),"Vendor accounting export (24 item rows, 24 pieces) of Killer Junior shirts, T-shirts and trousers; the party suffix points to the Dumka Store, junior section (inferred).",vendor or brand,30 Apr 2026 (report title 30 Apr 2026 to 31 Mar 2027),Dumka (guess),Killer Junior,cost and margin,,docs/data-from-kdps/Q&A-req-recieved/PT FILE/README.md,data-quality-and-import-rules.md; pt-file-layouts.md; pt-layouts.json; purchases-and-supplier-notes.md; stores-and-codes.md
Q&A-req-recieved/PT FILE/MUFTI.xlsx,Q&A-req-recieved/PT FILE,.xlsx,xlsx,no,23.7,PT EMAIL _Dont touch (98),"Vendor PT EMAIL layout (97 item rows, 133 pieces) of Mufti shirts, denims and T-shirts; the reference site code is Hazaribagh.",vendor or brand,Invoice dated 22 Aug 2025,Hazaribagh (site code KDPS-HZB-MF),Mufti,cost and margin,,docs/data-from-kdps/Q&A-req-recieved/PT FILE/README.md,data-quality-and-import-rules.md; item-master-vocabulary.md; pt-file-layouts.md; pt-layouts.json; purchases-and-supplier-notes.md; stores-and-codes.md
Q&A-req-recieved/PT FILE/Madura Fashion Brand AS - VH - LP.xlsb,Q&A-req-recieved/PT FILE,.xlsb,xlsb,no,4980.5,Sheet1 (113984),"Madura Fashion billing extract for all its customers (113,983 rows, 176 sold-to accounts); 5,923 rows (8,385 pieces) belong to nine KDPS accounts.",vendor or brand,1 to 30 Apr 2026 (KDPS rows 6 to 30 Apr),Deogarh; Hazaribag; Banka; Bodh Gaya; Sahibganj; Ranchi (two accounts); Bokaro; Dumka,"Allen Solly; Van Heusen; Louis Philippe (brand codes AS, AK, AL, AH, VW, VH, LR, VS, LP, LY, VD, VX, VF, AT)",cost and margin,,docs/data-from-kdps/Q&A-req-recieved/PT FILE/README.md,data-quality-and-import-rules.md; item-master-vocabulary.md; pt-file-layouts.md; pt-layouts.json; purchases-and-supplier-notes.md; stores-and-codes.md
Q&A-req-recieved/PT FILE/Peter England.CSV,Q&A-req-recieved/PT FILE,.csv,text,no,25.5,,"Aditya Birla billing extract in a true CSV with 53 columns (five invoices, 28 item rows, 33 pieces) of Peter England jeans, T-shirts and a shirt.",vendor or brand,25 to 30 May 2026,Deoghar (customer city),"Peter England (codes PJ, N, RE)",cost and margin; GST and tax IDs,,docs/data-from-kdps/Q&A-req-recieved/PT FILE/README.md,data-quality-and-import-rules.md; item-master-vocabulary.md; pt-file-layouts.md; pt-layouts.json; purchases-and-supplier-notes.md; stores-and-codes.md
Q&A-req-recieved/PT FILE/STATUS QUO.xlsx,Q&A-req-recieved/PT FILE,.xlsx,xlsx,no,15.2,PTFiles (45),"Vendor ledger report (43 item rows, 43 pieces) of Status Quo men's and kids' T-shirts, track pants and shorts billed to the Deoghar Store, with a Motiya charge.",vendor or brand,Bill dated 1 May 2026,Deoghar,Status Quo,cost and margin; GST and tax IDs,,docs/data-from-kdps/Q&A-req-recieved/PT FILE/README.md,pt-file-layouts.md; pt-layouts.json; purchases-and-supplier-notes.md; stores-and-codes.md
Q&A-req-recieved/PT FILE/SWEET DREAMS.xlsx,Q&A-req-recieved/PT FILE,.xlsx,xlsx,no,13.5,Report (28),"Vendor accounting export (24 item rows, 24 pieces) of Sweet Dreams men's pyjamas and bermudas, with an internal item code and the real EAN in another column.",vendor or brand,Bill dated 6 Feb 2026 (title 5 to 6 Feb 2026),,Sweet Dreams,cost and margin,,docs/data-from-kdps/Q&A-req-recieved/PT FILE/README.md,data-quality-and-import-rules.md; pt-file-layouts.md; pt-layouts.json; purchases-and-supplier-notes.md
Q&A-req-recieved/PT FILE/TWILLS.xls,Q&A-req-recieved/PT FILE,.xls,xlsx,yes,15.5,VTSSalesPtFilesLedgerReport (48),"Vendor ledger report (47 item rows, 69 pieces) of Twills shirts and trousers, an .xlsx package with an .xls extension and shifted column labels.",vendor or brand,Voucher dated 18 Mar 2026,,"Twills (sub-ranges Mercury, Magnum, Fila, Esquire, Opera)",cost and margin; GST and tax IDs,,docs/data-from-kdps/Q&A-req-recieved/PT FILE/README.md,data-quality-and-import-rules.md; item-master-vocabulary.md; pt-file-layouts.md; pt-layouts.json; purchases-and-supplier-notes.md
Q&A-req-recieved/PT FILE/USPOLO INNER WEAR.csv,Q&A-req-recieved/PT FILE,.csv,text,no,6.5,,"Distributor invoice in a true CSV with no header row (14 item rows, 119 packs) of US Polo innerwear.",vendor or brand,Invoice dated 13 Mar 2026,Dumka (city column; route text also names Deoghar and Godda),US Polo (innerwear),cost and margin; GST and tax IDs; staff names,,docs/data-from-kdps/Q&A-req-recieved/PT FILE/README.md,data-quality-and-import-rules.md; pt-file-layouts.md; pt-layouts.json; purchases-and-supplier-notes.md; stores-and-codes.md
Q&A-req-recieved/PT FILE/XERICS JEANS PT FILE.xlsx,Q&A-req-recieved/PT FILE,.xlsx,xlsx,no,15.8,GST INVOICE (94),"Vendor printed-invoice style sheet (90 item rows, one per piece) of Xerics jeans; the barcode is style plus size, not unique.",vendor or brand,,,Xerics,cost and margin,,docs/data-from-kdps/Q&A-req-recieved/PT FILE/README.md,data-quality-and-import-rules.md; pt-file-layouts.md; pt-layouts.json; purchases-and-supplier-notes.md
Q&A-req-recieved/PT FILE/ZILU BOTTOMS.xlsx,Q&A-req-recieved/PT FILE,.xlsx,xlsx,no,24.3,Sheet1 (109),"Vendor sales register without a title block (107 item rows, 107 pieces) of women's trousers; blank-header columns carry fit and category.",vendor or brand,Voucher dated 28 Aug 2025,,Zilu Bottoms,cost and margin,,docs/data-from-kdps/Q&A-req-recieved/PT FILE/README.md,data-quality-and-import-rules.md; item-master-vocabulary.md; pt-file-layouts.md; pt-layouts.json; purchases-and-supplier-notes.md
Q&A-req-recieved/PT FILE/ambreli 1855.xls,Q&A-req-recieved/PT FILE,.xls,xls (OLE2),no,70.5,INVOICE (42); PACKING (98),"Vendor printed GST invoice (16 lines, 76 pieces) of Ambreli shawls and stoles, plus a hidden packing list (72 lines, 275 pieces) that does not match it.",vendor or brand,Invoice dated 21 Feb 2026,Hazaribagh (c/o Jainsons Lifestyle),Ambreli,cost and margin; GST and tax IDs; staff names,,docs/data-from-kdps/Q&A-req-recieved/PT FILE/README.md,data-quality-and-import-rules.md; pt-file-layouts.md; pt-layouts.json; purchases-and-supplier-notes.md
Q&A-req-recieved/PT FILE/go colours 000023.xlsx,Q&A-req-recieved/PT FILE,.xlsx,xlsx,no,14.2,PT EMAIL _Dont touch (1) (47),"Vendor PT EMAIL layout (46 item rows, 46 pieces) of Go Colors women's lowers; the reference site code is Hazaribagh.",vendor or brand,Invoice dated 24 Mar 2026,Hazaribagh (site code KDPS-HZB-GC),Go Colors,cost and margin,,docs/data-from-kdps/Q&A-req-recieved/PT FILE/README.md,pt-file-layouts.md; pt-layouts.json; purchases-and-supplier-notes.md; stores-and-codes.md
Q&A-req-recieved/PT FILE/kidcity 1316&1317.xlsx,Q&A-req-recieved/PT FILE,.xlsx,xlsx,no,24.8,BILLING FILE (273),"Vendor billing file holding two invoices (272 item rows, 512 pieces); the 228 rows of invoice 1316 are hidden by a filter.",vendor or brand,,,Kidcity,cost and margin,,docs/data-from-kdps/Q&A-req-recieved/PT FILE/README.md,data-quality-and-import-rules.md; pt-file-layouts.md; pt-layouts.json; purchases-and-supplier-notes.md
Q&A-req-recieved/PT FILE/minelli 06161.xlsx,Q&A-req-recieved/PT FILE,.xlsx,xlsx,no,11.4,Table (12),"Vendor item list with an invoice number (10 item rows, 10 pieces) of one Minelli set style in five sizes.",vendor or brand,,,Minelli,cost and margin,,docs/data-from-kdps/Q&A-req-recieved/PT FILE/README.md,pt-file-layouts.md; pt-layouts.json; purchases-and-supplier-notes.md
Q&A-req-recieved/PT FILE/peppermint 13.xlsx,Q&A-req-recieved/PT FILE,.xlsx,xlsx,no,6.9,Sheet1 (25),"Vendor item-master style export (24 item rows, 24 pieces) of Peppermint girls' sets with cost price and GST group.",vendor or brand,,,Peppermint,cost and margin,,docs/data-from-kdps/Q&A-req-recieved/PT FILE/README.md,pt-file-layouts.md; pt-layouts.json; purchases-and-supplier-notes.md
bank-statement/3. Vaishnavi Singh More DSR(Fy-26-27).xlsx,bank-statement,.xlsx,xlsx,no,4530.5,Sale (20993); Cash (380); Stock In (11967); SOH & Sale Summary (1); Stock Inward Details (29780); Bank Reconciliation (999); Petty Cash (397),"One Store's daily sales report workbook for FY 2026-27: sale lines, cash book, stock in and SOH, a bank reconciliation sheet copied from another Store, and an unused petty cash sheet.",KDPS staff,Sales 1 Apr to 5 Jun 2026; stock inward 1 Oct 2024 to 2 Jun 2026; sheets pre-filled to Apr 2027,Vaishnavi Singh More (bill series SGMR); Vaishnavi Banka (2025 data in the reconciliation sheet),many (350 brands),bank details,,docs/data-from-kdps/bank-statement/README.md,data-quality-and-import-rules.md; item-master-vocabulary.md; pos-export-layouts.json; pos-exports.md; store-close-cash-and-bank.md; stores-and-codes.md; transfers.md
bank-statement/Bank statement.xlsx,bank-statement,.xlsx,xlsx,no,27.2,Sheet1 (377),"Company bank-statement lines stitched by hand from two bank downloads: payments out 28 Mar to 14 Apr 2026, debits and credits 1 to 6 Jun 2026.",KDPS staff (guess),28 Mar to 14 Apr 2026 and 1 to 6 Jun 2026 (15 Apr to 31 May missing),,,bank details,,docs/data-from-kdps/bank-statement/README.md,pos-exports.md; store-close-cash-and-bank.md; stores-and-codes.md
brand-analysis-report /blackberry/BLACKBERRY_SALES_STOCK_DETAILS_JUNE2026.xlsx,brand-analysis-report /blackberry,.xlsx,xlsx,no,66.6,SALES (82); SOH (806); OFFER (13); BRAND REPORT (81); BILL SUMMARY (39),"June 2026 Blackberry workbook for all its Stores (SALES, SOH, OFFER) plus two sheets, BRAND REPORT and BILL SUMMARY, that work out each bill's discount from the offer text.",KDPS staff (guess),Sales 1 to 18 Jun 2026; SOH dated 1 Apr 2026,Gaya; Hazaribagh (JSL series),Blackberry,none,,docs/data-from-kdps/brand-analysis-report /blackberry/README.md,analyses-and-metrics.md; offers-and-brand-reports.md; pos-export-layouts.json; pos-exports.md; stores-and-codes.md
brand-analysis-report /blackberry/KDPS LIFE.xlsx,brand-analysis-report /blackberry,.xlsx,xlsx,no,75.9,Sheet1 (908),"The brand's list of KDPS's Blackberry stock, one row per barcode (907 rows) with an Offer tag on each.",vendor or brand (guess),Created 11 Jun 2026; stock about 1 Jun 2026,,Blackberry,none,,docs/data-from-kdps/brand-analysis-report /blackberry/README.md,analyses-and-metrics.md; offers-and-brand-reports.md; pos-export-layouts.json; pos-exports.md; stores-and-codes.md; transfers.md
brand-analysis-report /mufti/MUFTI_SALES_STOCK_DETAILS_JUNE2026.xlsx,brand-analysis-report /mufti,.xlsx,xlsx,no,66.0,SALES (66); SOH (803); OFFER (25),"June 2026 Mufti workbook for all its Stores (SALES, SOH, OFFER); the SOH sheet is the May list unchanged.",KDPS staff (guess),Sales 1 to 18 Jun 2026 (title still says May); SOH dated 1 Jun 2026,"Lee Deoghar (LEEDEO series); Hazaribagh (JSL); Sanskar (SAN, guess); Gaya",Mufti,none,monthly-reports-april-may-2026/2026-05/data/MUFTI_SALES_STOCK_DETAILS_MAY2026.xlsx (SOH sheet identical),docs/data-from-kdps/brand-analysis-report /mufti/README.md,offers-and-brand-reports.md; pos-export-layouts.json; pos-exports.md; stores-and-codes.md
monthly-reports-april-may-2026/20260601_163402.heic,monthly-reports-april-may-2026,.heic,heic,no,636.7,,Phone photo of a handwritten notebook page on Mufti offer dates and slabs for May 2026.,KDPS staff,1 to 31 May 2026 (photo taken 1 Jun 2026),,Mufti,none,,docs/data-from-kdps/monthly-reports-april-may-2026/README.md,offers-and-brand-reports.md; pos-exports.md; stores-and-codes.md
monthly-reports-april-may-2026/20260601_163404.heic,monthly-reports-april-may-2026,.heic,heic,no,441.0,,Phone photo of a handwritten notebook page listing how many Stores and reports each brand has per month (34 reports in all).,KDPS staff,Monthly (photo taken 1 Jun 2026),,Mufti; Blackberry; Louis Philippe; Peter England; Allen Solly; Van Heusen; Banjaran,none,,docs/data-from-kdps/monthly-reports-april-may-2026/README.md,offers-and-brand-reports.md; pos-exports.md; stores-and-codes.md
monthly-reports-april-may-2026/FM-offer-list.jpeg,monthly-reports-april-may-2026,.jpeg,jpeg,no,292.6,,"Screenshot of the Flying Machine offer calendar (18 rows: ATV slabs, EOSS tiers, a fresh period).",unknown,8 Sep 2025 to 17 Apr 2026 onward (file dated 27 May 2026),,Flying Machine,none,Q&A-req-recieved/BRAND OFFERS/BRAND OFFERS.xlsx (the 18 Flying Machine rows of its first sheet),docs/data-from-kdps/monthly-reports-april-may-2026/README.md,offers-and-brand-reports.md; pos-exports.md; stores-and-codes.md
monthly-reports-april-may-2026/FORMAT_SALES_VOUCHERS.xlsx,monthly-reports-april-may-2026,.xlsx,xlsx,no,12.3,SALES (4); SOH (4),"Empty target layout of the monthly brand report: a SALES sheet (List of Sales Vouchers) and a SOH sheet (List of Stock Details), header rows only.",KDPS staff,Header shows 1 to 30 Apr 2026 (saved 31 May 2026),,Louis Philippe (header text),none,,docs/data-from-kdps/monthly-reports-april-may-2026/README.md,offers-and-brand-reports.md; pos-export-layouts.json; pos-exports.md; stores-and-codes.md
monthly-reports-april-may-2026/KDPS-DIRECTION.xlsx,monthly-reports-april-may-2026,.xlsx,xlsx,no,335.1,Sale Report May-26 (404); SOH (2001),"Formula template for the May 2026 Flying Machine report with empty input cells, a Flying Machine stock list and two offer regimes by row position.",unknown,May 2026 (template; saved 27 May 2026),,Flying Machine,none,,docs/data-from-kdps/monthly-reports-april-may-2026/README.md,data-quality-and-import-rules.md; offers-and-brand-reports.md; pos-export-layouts.json; pos-exports.md; stores-and-codes.md
monthly-reports-april-may-2026/2026-04/16_AMM List dtd 20.01.26.xlsb,monthly-reports-april-may-2026/2026-04,.xlsb,xlsb,no,2890.1,Stylecode (77913),"AMM list: 77,912 Louis Philippe family style codes with a Discount or No Discount flag, season, reason and source note.",vendor or brand,List dated 20 Jan 2026 (saved 2 Apr 2026),,"Louis Philippe (divisions LP, LY, LR, LX, LA and others)",none,,docs/data-from-kdps/monthly-reports-april-may-2026/2026-04/README.md,offers-and-brand-reports.md; pos-exports.md; stores-and-codes.md
monthly-reports-april-may-2026/2026-04/SALES_VOUCHERS_LP_APRIL2026_AS-DEO.xlsx,monthly-reports-april-may-2026/2026-04,.xlsx,xlsx,no,36.8,SALES (40); SOH (341),April 2026 Louis Philippe report for the Allen Solly Store in Deoghar: 35 sale lines (28 bills) and 336 SOH rows with an AMM flag.,KDPS staff,April 2026 (sales 1 to 30 Apr; SOH dated 1 Apr or 1 May 2026),Allen Solly Store Deoghar (series DEOT; inferred),Louis Philippe,none,monthly-reports-april-may-2026/2026-04/DATA/AS  & LP2  APR 26 SALE  AND SOH AS-DEO.xlsx (LP2 sheets copied one to one); monthly-reports-april-may-2026/2026-04/SALES_VOUCHERS_LP_APRIL2026_BOKARO.xlsx (SOH sheet identical),docs/data-from-kdps/monthly-reports-april-may-2026/2026-04/README.md,offers-and-brand-reports.md; pos-export-layouts.json; pos-exports.md; stores-and-codes.md
monthly-reports-april-may-2026/2026-04/SALES_VOUCHERS_LP_APRIL2026_BOKARO.xlsx,monthly-reports-april-may-2026/2026-04,.xlsx,xlsx,no,41.9,SALES (95); SOH (341),"April 2026 Louis Philippe report for Bokaro: 90 sale lines (54 bills); its SOH sheet is the Allen Solly Deoghar LP2 list, not Bokaro's own stock.",KDPS staff,April 2026 (sales 1 to 30 Apr; SOH dated 1 Apr or 1 May 2026),Bokaro (series LBKR),Louis Philippe,none,monthly-reports-april-may-2026/2026-04/DATA/LP Sale with Closing SOH report April 2026_BOKARO.xlsx (sale lines copied one to one); monthly-reports-april-may-2026/2026-04/SALES_VOUCHERS_LP_APRIL2026_AS-DEO.xlsx (SOH sheet identical),docs/data-from-kdps/monthly-reports-april-may-2026/2026-04/README.md,offers-and-brand-reports.md; pos-export-layouts.json; pos-exports.md; stores-and-codes.md
monthly-reports-april-may-2026/2026-04/SALES_VOUCHERS_LP_APRIL2026_DUMKA.xlsx,monthly-reports-april-may-2026/2026-04,.xlsx,xlsx,no,28.9,SALES (21); SOH (245),April 2026 Louis Philippe report for Dumka: 16 sale lines (11 bills) and 240 SOH rows.,KDPS staff,April 2026 (sales 1 to 30 Apr; SOH dated 1 Apr or 1 May 2026),Dumka (series DMK),Louis Philippe,none,monthly-reports-april-may-2026/2026-04/DATA/LP_APRIL SALE REPOT_DUMKA.xlsx (LP-SALE sheet copied one to one); monthly-reports-april-may-2026/2026-04/DATA/DUMKA_STOCK DETAILS APRIL2026.xlsx (LP sheet copied as SOH),docs/data-from-kdps/monthly-reports-april-may-2026/2026-04/README.md,offers-and-brand-reports.md; pos-export-layouts.json; pos-exports.md; stores-and-codes.md
monthly-reports-april-may-2026/2026-04/SALES_VOUCHERS_LP_APRIL2026_HZB.xlsx,monthly-reports-april-may-2026/2026-04,.xlsx,xlsx,no,57.0,SALES (104); SOH (592),April 2026 Louis Philippe report for Hazaribagh: 99 sale lines (51 bills) and 587 SOH rows.,KDPS staff,April 2026 (sales 1 to 30 Apr; SOH dated 1 Apr or 1 May 2026),Hazaribagh (series JSL; inferred),Louis Philippe,none,monthly-reports-april-may-2026/2026-04/DATA/LP sales & soh HAZARIBAGH.xlsx (the Louis Philippe lines copied one to one),docs/data-from-kdps/monthly-reports-april-may-2026/2026-04/README.md,offers-and-brand-reports.md; pos-export-layouts.json; pos-exports.md; stores-and-codes.md
monthly-reports-april-may-2026/2026-04/SALES_VOUCHERS_LP_APRIL2026_SANSKAR.xlsx,monthly-reports-april-may-2026/2026-04,.xlsx,xlsx,no,19.2,SALES (56); SOH (6),April 2026 Louis Philippe report for Sanskar: 51 sale lines (30 bills) and a single SOH row (no Sanskar stock list exists).,KDPS staff,April 2026 (sales 1 to 30 Apr; SOH dated 1 Apr or 1 May 2026),Sanskar (series SAN),Louis Philippe,none,monthly-reports-april-may-2026/2026-04/DATA/SANSKAR LOUIS PHILIPPE SALE REPORT .xlsx (sale lines copied one to one),docs/data-from-kdps/monthly-reports-april-may-2026/2026-04/README.md,offers-and-brand-reports.md; pos-export-layouts.json; pos-exports.md; stores-and-codes.md
monthly-reports-april-may-2026/2026-04/SALES_VOUCHERS_LP_APRIL2026_VAS-DEO.xlsx,monthly-reports-april-may-2026/2026-04,.xlsx,xlsx,no,78.8,SALES (143); SOH (844),April 2026 Louis Philippe report for Vaishnavi Deoghar: 138 sale lines (57 bills) and 839 SOH rows.,KDPS staff,April 2026 (sales 1 to 30 Apr; SOH dated 1 Apr or 1 May 2026),Vaishnavi Deoghar (series DEO),Louis Philippe,none,monthly-reports-april-may-2026/2026-04/DATA/LP SALE REPORT & STOCK REPORT APRIL'2026 VAS-DEO.xlsx (copied one to one),docs/data-from-kdps/monthly-reports-april-may-2026/2026-04/README.md,offers-and-brand-reports.md; pos-export-layouts.json; pos-exports.md; stores-and-codes.md
monthly-reports-april-may-2026/2026-04/DATA/APR SALE & STOCK REPORT BANKA.xlsx,monthly-reports-april-may-2026/2026-04/DATA,.xlsx,xlsx,no,1045.5,sale report (1589); STOCK REPORT (12178); Sheet3 (0),"Banka Store's April 2026 export from the earlier POS: 1,586 sale lines (566 bills) and a 12,177-row stock ledger; no voucher was built from it.",KDPS old POS export,Sales 1 to 30 Apr 2026; stock ledger dates 24 Dec 2021 to 29 Apr 2026,Banka (series VAB),many (221 brand spellings),staff names,,docs/data-from-kdps/monthly-reports-april-may-2026/2026-04/DATA/README.md,offers-and-brand-reports.md; pos-export-layouts.json; pos-exports.md; stores-and-codes.md; transfers.md
monthly-reports-april-may-2026/2026-04/DATA/AS  & LP2  APR 26 SALE  AND SOH AS-DEO.xlsx,monthly-reports-april-may-2026/2026-04/DATA,.xlsx,xlsx,no,521.6,AS SALE (179); AS SOH (10372); LP2 SALE (36); LP2 SOH (337),Allen Solly Store Deoghar's April 2026 POS export: Allen Solly (178 lines) and Louis Philippe LP2 (35 lines) sale sheets and a stock ledger for each.,KDPS old POS export,Sales 1 to 30 Apr 2026; stock dates to 18 Apr 2026,Allen Solly Store Deoghar (series DEOT; inferred),"Allen Solly; Louis Philippe (stock ledger also Levis, Turtle, Van Heusen and others)",customer names and phones; staff names,,docs/data-from-kdps/monthly-reports-april-may-2026/2026-04/DATA/README.md,offers-and-brand-reports.md; pos-export-layouts.json; pos-exports.md; stores-and-codes.md; transfers.md
monthly-reports-april-may-2026/2026-04/DATA/DUMKA_STOCK DETAILS APRIL2026.xlsx,monthly-reports-april-may-2026/2026-04/DATA,.xlsx,xlsx,no,93.9,VH (320); PE (19); LP (241); AS (557),"Dumka stock details for April 2026 on four sheets (VH, PE, LP, AS) with supplier and purchase rate per barcode; no sale lines.",KDPS old POS export,April 2026 (stock snapshot),Dumka,Van Heusen; Peter England; Louis Philippe; Allen Solly,cost and margin,,docs/data-from-kdps/monthly-reports-april-may-2026/2026-04/DATA/README.md,offers-and-brand-reports.md; pos-export-layouts.json; pos-exports.md; stores-and-codes.md
monthly-reports-april-may-2026/2026-04/DATA/LP SALE REPORT & STOCK REPORT APRIL'2026 VAS-DEO.xlsx,monthly-reports-april-may-2026/2026-04/DATA,.xlsx,xlsx,no,61.9,SALE REPORT (139); STOCK REPORT (841); Sheet3 (0),"Vaishnavi Deoghar's April 2026 Louis Philippe sale report (138 lines, 57 bills) and stock report (839 rows).",KDPS old POS export,Sales 1 to 30 Apr 2026,Vaishnavi Deoghar (series DEO),Louis Philippe,customer names and phones,,docs/data-from-kdps/monthly-reports-april-may-2026/2026-04/DATA/README.md,offers-and-brand-reports.md; pos-export-layouts.json; pos-exports.md; stores-and-codes.md
monthly-reports-april-may-2026/2026-04/DATA/LP Sale with Closing SOH report April 2026_BOKARO.xlsx,monthly-reports-april-may-2026/2026-04/DATA,.xlsx,xlsx,no,45.2,Sale (92); Stock (695),"Bokaro's April 2026 Louis Philippe sale sheet (90 lines, with a hand-added AMM flag column) and stock sheet (694 rows).",KDPS old POS export,Sales 1 to 30 Apr 2026,Bokaro (series LBKR),Louis Philippe,none,,docs/data-from-kdps/monthly-reports-april-may-2026/2026-04/DATA/README.md,offers-and-brand-reports.md; pos-export-layouts.json; pos-exports.md; stores-and-codes.md
monthly-reports-april-may-2026/2026-04/DATA/LP sales & soh HAZARIBAGH.xlsx,monthly-reports-april-may-2026/2026-04/DATA,.xlsx,xlsx,no,448.4,Sheet1 (372); Sheet2 (5596),"Hazaribagh's April 2026 export of all Madura brands: 371 sale lines (105 bills) and a 5,595-row stock details sheet with supplier and cost.",KDPS old POS export,Sales 1 to 30 Apr 2026,Hazaribagh (series JSL; inferred),Allen Solly; Van Heusen; Louis Philippe; Peter England,customer names and phones; staff names; cost and margin,,docs/data-from-kdps/monthly-reports-april-may-2026/2026-04/DATA/README.md,offers-and-brand-reports.md; pos-export-layouts.json; pos-exports.md; stores-and-codes.md
monthly-reports-april-may-2026/2026-04/DATA/LP_APRIL SALE REPOT_DUMKA.xlsx,monthly-reports-april-may-2026/2026-04/DATA,.xlsx,xlsx,no,125.1,AS-SALE (71); LP-SALE (16); VH-SALE (8); AS-SOH (804); LP-SOH (360); VH-SOH (322),"Dumka's April 2026 sale file on six headerless sheets (AS, LP and VH sale and SOH): 71 sale lines, with copies per brand.",KDPS old POS export,Sales April 2026,Dumka (series DMK),Allen Solly; Louis Philippe; Van Heusen,none,,docs/data-from-kdps/monthly-reports-april-may-2026/2026-04/DATA/README.md,offers-and-brand-reports.md; pos-export-layouts.json; pos-exports.md; stores-and-codes.md; transfers.md
monthly-reports-april-may-2026/2026-04/DATA/SANSKAR LOUIS PHILIPPE SALE REPORT .xlsx,monthly-reports-april-may-2026/2026-04/DATA,.xlsx,xlsx,no,19.4,Sheet1 (55); Sheet2 (0); Sheet3 (0),"Sanskar's April 2026 Louis Philippe sale report in the 25-column layout (51 lines, 30 bills); no stock sheet.",KDPS old POS export,Sales 1 to 30 Apr 2026,Sanskar (series SAN),Louis Philippe,customer names and phones; staff names,,docs/data-from-kdps/monthly-reports-april-may-2026/2026-04/DATA/README.md,offers-and-brand-reports.md; pos-export-layouts.json; pos-exports.md; stores-and-codes.md
monthly-reports-april-may-2026/2026-05/discount-audit.skill,monthly-reports-april-may-2026/2026-05,.skill,zip,no,2.6,,"AI-assistant skill (a zip holding one SKILL.md) that fills and audits the Dis % and Dis columns of a sales voucher sheet from the AMM flag, offer rates and return rules.",ERP team earlier analysis (guess),Skill dated 31 May 2026,,,none,,docs/data-from-kdps/monthly-reports-april-may-2026/2026-05/README.md,offers-and-brand-reports.md; pos-exports.md
monthly-reports-april-may-2026/2026-05/kdps-report.skill,monthly-reports-april-may-2026/2026-05,.skill,zip,no,3.6,,AI-assistant skill (a zip holding one SKILL.md) that builds the SALES and SOH report sheets from a brand and month; it fills blank dates and bill numbers from neighbouring values and flags them for review.,ERP team earlier analysis (guess),Skill dated 31 May 2026,,,none,,docs/data-from-kdps/monthly-reports-april-may-2026/2026-05/README.md,offers-and-brand-reports.md; pos-exports.md
monthly-reports-april-may-2026/2026-05/data/BLACKBERRY_SALES_STOCK_DETAILS_MAY2026.xlsx,monthly-reports-april-may-2026/2026-05/data,.xlsx,xlsx,no,84.0,SALES (142); SOH (916); OFFER (12),"May 2026 Blackberry workbook for all its Stores: 137 sale lines, 911 SOH rows tagged by Store and an offer list; Dis % is 0 on every line.",KDPS staff (guess),Sales 20 Apr to 22 May 2026; SOH dated 1 Jun 2026,Gaya; Hazaribagh (JSL); Deoghar (VAS-DEO tag); Warehouse (WH tag),Blackberry,none,,docs/data-from-kdps/monthly-reports-april-may-2026/2026-05/data/README.md,offers-and-brand-reports.md; pos-export-layouts.json; pos-exports.md; stores-and-codes.md
monthly-reports-april-may-2026/2026-05/data/MUFTI_SALES_STOCK_DETAILS_MAY2026.xlsx,monthly-reports-april-may-2026/2026-05/data,.xlsx,xlsx,no,64.9,SALES (52); SOH (803); OFFER (24),"May 2026 Mufti workbook for all its Stores: 48 sale lines, 798 SOH rows tagged by Store and the Mufti offer calendar from 14 Mar 2025.",KDPS staff (guess),Sales 2 to 31 May 2026; SOH dated 1 Jun 2026,Lee Deoghar (LEEDEO series); Hazaribagh (JSL); Vaishnavi Deoghar (VAS); Gaya; Warehouse (WH tag),Mufti,none,brand-analysis-report /mufti/MUFTI_SALES_STOCK_DETAILS_JUNE2026.xlsx (SOH sheet identical),docs/data-from-kdps/monthly-reports-april-may-2026/2026-05/data/README.md,offers-and-brand-reports.md; pos-export-layouts.json; pos-exports.md; stores-and-codes.md
scope-dashboard-detail/ERP_DASHBOARD_V1.xlsx,scope-dashboard-detail,.xlsx,xlsx,no,8.8,RBAC (19); DFR (18); SIDEBAR RBAC (18),"ERP-team draft of role-access tables (RBAC, SIDEBAR RBAC) and a dashboard functional requirement (DFR); its six roles are not the PRD personas.",ERP team scoping,"Made 17 Jul 2026, edited 24 Jul 2026",,,none,,docs/data-from-kdps/scope-dashboard-detail/README.md,access-and-store-asks.md
store-analysis/Vaishnavi-Dead-Stock-Worklist.xlsx,store-analysis,.xlsx,xlsx,no,517.0,Summary (8); By Gender (8); Non-moving stock (6893); Overstock 6+ pcs (134),"Clearance worklist of never-sold stock at Vaishnavi Deoghar (6,892 barcodes) by priority bucket, plus an overstock sheet; buckets are analyst choices.",ERP team earlier analysis,Stock as on 12 Jun 2026; sales 1 Apr 2025 to 13 Jun 2026,Vaishnavi Deoghar,many,cost and margin,,docs/data-from-kdps/store-analysis/README.md,analyses-and-metrics.md; pos-exports.md
store-analysis/Vaishnavi-Deoghar-Analysis.html,store-analysis,.html,text,no,33.6,,"AI-assisted business and operations analysis of Vaishnavi Deoghar (sales, inventory, discounting, brand scorecard, customers, data health, seven moves).",ERP team earlier analysis,Sales 1 Apr 2025 to 13 Jun 2026; stock 12 Jun 2026; dated 14 Jun 2026,Vaishnavi Deoghar,"many (scorecard: Jockey, Flying Machine, U.S. Polo, Louis Philippe, Van Heusen, Status Quo, Spykar)",cost and margin,store-analysis/Vaishnavi-Deoghar-Analysis.pdf (PDF render of the same report),docs/data-from-kdps/store-analysis/README.md,analyses-and-metrics.md
store-analysis/Vaishnavi-Deoghar-Analysis.pdf,store-analysis,.pdf,pdf,no,1086.2,8 pages,Eight-page PDF render (headless Chrome) of the Vaishnavi Deoghar analysis.,ERP team earlier analysis,Sales 1 Apr 2025 to 13 Jun 2026; stock 12 Jun 2026; dated 14 Jun 2026,Vaishnavi Deoghar,"many (scorecard: Jockey, Flying Machine, U.S. Polo, Louis Philippe, Van Heusen, Status Quo, Spykar)",cost and margin,store-analysis/Vaishnavi-Deoghar-Analysis.html,docs/data-from-kdps/store-analysis/README.md,analyses-and-metrics.md
store-analysis/Vaishnavi-Deoghar-Data-Quality.html,store-analysis,.html,text,no,15.3,,"Companion note to the Vaishnavi analysis on three stock-file problems: cost above MRP (24 items), two season labels (3,007 items) and a buried total row.",ERP team earlier analysis,Stock as on 12 Jun 2026; dated 14 Jun 2026,Vaishnavi Deoghar,"many (Stride, Van Heusen and others named)",cost and margin,store-analysis/Vaishnavi-Deoghar-Data-Quality.pdf (PDF render of the same note),docs/data-from-kdps/store-analysis/README.md,analyses-and-metrics.md
store-analysis/Vaishnavi-Deoghar-Data-Quality.pdf,store-analysis,.pdf,pdf,no,506.3,3 pages,Three-page PDF render (headless Chrome) of the Vaishnavi data-quality note.,ERP team earlier analysis,Stock as on 12 Jun 2026; dated 14 Jun 2026,Vaishnavi Deoghar,"many (Stride, Van Heusen and others named)",cost and margin,store-analysis/Vaishnavi-Deoghar-Data-Quality.html,docs/data-from-kdps/store-analysis/README.md,analyses-and-metrics.md
store-analysis/Vaishnavi-SOH-data-errors.xlsx,store-analysis,.xlsx,xlsx,no,91.4,Summary (8); Cost above MRP (25); Season mismatch (3008),"Full lists behind the data-quality note: a summary, 24 items with cost above MRP and 3,007 items whose season differs between two stock sheets.",ERP team earlier analysis,Stock as on 12 Jun 2026; saved 14 Jun 2026,Vaishnavi Deoghar,many,cost and margin,,docs/data-from-kdps/store-analysis/README.md,analyses-and-metrics.md; pos-export-layouts.json; pos-exports.md
store-analysis/analysis-parameters.md,store-analysis,.md,text,no,0.0,,Empty file (0 bytes) that was meant to hold the parameters of the analyses; no parameter is written down anywhere.,ERP team earlier analysis (guess),Saved 6 Jul 2026,,,none,,docs/data-from-kdps/store-analysis/README.md,analyses-and-metrics.md
store-analysis/VAISHNAVI/SALE REPORT 1 APRIL 25 TO 31 MARCH 26.xlsx,store-analysis/VAISHNAVI,.xlsx,xlsx,no,2252.9,Sheet1 (15286),"Vaishnavi Deoghar sales report for FY 2025-26 from the earlier POS: 15,285 bill lines in 5,383 bills (25-26/DEO series).",KDPS old POS export,3 Apr 2025 to 31 Mar 2026,Vaishnavi Deoghar (series DEO),many (273 brands),customer names and phones; staff names,,docs/data-from-kdps/store-analysis/VAISHNAVI/README.md,analyses-and-metrics.md; pos-export-layouts.json; pos-exports.md; store-close-cash-and-bank.md; stores-and-codes.md
store-analysis/VAISHNAVI/SALE REPORT 1st Apr 26 TO 13th Jun 26.xlsx,store-analysis/VAISHNAVI,.xlsx,xlsx,no,386.3,Sheet1 (2552); Sheet2 (0); Sheet3 (0),"Vaishnavi Deoghar sales report for FY 2026-27 from the earlier POS (about 2,550 lines in the 26-27/DEO series).",KDPS old POS export,1 Apr to 13 Jun 2026,Vaishnavi Deoghar (series DEO),many,customer names and phones; staff names,,docs/data-from-kdps/store-analysis/VAISHNAVI/README.md,analyses-and-metrics.md; pos-export-layouts.json; pos-exports.md; store-close-cash-and-bank.md; stores-and-codes.md
store-analysis/VAISHNAVI/VAISHNAVI DEOGHAR 12-06-2026 SOH.xlsx,store-analysis/VAISHNAVI,.xlsx,xlsx,no,3109.9,Sheet1 (33383); Sheet2 (8806); Sheet3 (0),"Vaishnavi Deoghar stock-on-hand report as on 12 Jun 2026: Sheet1 the whole catalogue (33,381 barcodes), Sheet2 a hand-cleaned copy of the 8,805 in-stock rows.",KDPS old POS export,Stock as on 12 Jun 2026,Vaishnavi Deoghar,many (370 brands),cost and margin,,docs/data-from-kdps/store-analysis/VAISHNAVI/README.md,analyses-and-metrics.md; data-quality-and-import-rules.md; pos-export-layouts.json; pos-exports.md; stores-and-codes.md
store-analysis/hazaribagh/HZB-Dashboard.html,store-analysis/hazaribagh,.html,text,no,35.2,,"AI-assisted monthly store dashboard for Hazaribagh with 16 measures (sales, profit and loss, dead stock, turnover, discount, margin), built by a skill not in the folder.",ERP team earlier analysis,Sales 4 Sep 2025 to 24 Jul 2026; rendered 27 Jul 2026,Hazaribagh (HZB; same Store as JSL),many,cost and margin; staff names,store-analysis/hazaribagh/HZB-Dashboard.pdf (PDF render of the same dashboard),docs/data-from-kdps/store-analysis/hazaribagh/README.md,analyses-and-metrics.md; pos-exports.md; stores-and-codes.md
store-analysis/hazaribagh/HZB-Dashboard.pdf,store-analysis/hazaribagh,.pdf,pdf,no,1139.2,8 pages,Eight-page PDF render (headless Chrome) of the Hazaribagh dashboard.,ERP team earlier analysis,Sales 4 Sep 2025 to 24 Jul 2026; rendered 27 Jul 2026,Hazaribagh (HZB; same Store as JSL),many,cost and margin; staff names,store-analysis/hazaribagh/HZB-Dashboard.html,docs/data-from-kdps/store-analysis/hazaribagh/README.md,analyses-and-metrics.md; pos-exports.md; stores-and-codes.md
store-analysis/hazaribagh/Hazaribagh-Stock-Sales-Margin.html,store-analysis/hazaribagh,.html,text,no,52.1,,"Report written by build-report.py on Hazaribagh stock, sale-through, discount and margin (7,094 bills), with category, item, discount-band, month and brand tables.",ERP team earlier analysis,Sales Sep 2025 to Jul 2026; prepared 25 Jul 2026,Hazaribagh (HZB; same Store as JSL),many,cost and margin,store-analysis/hazaribagh/Hazaribagh-Stock-Sales-Margin.pdf (PDF render of the same report),docs/data-from-kdps/store-analysis/hazaribagh/README.md,analyses-and-metrics.md; pos-exports.md; stores-and-codes.md
store-analysis/hazaribagh/Hazaribagh-Stock-Sales-Margin.pdf,store-analysis/hazaribagh,.pdf,pdf,no,274.5,10 pages,Ten-page PDF render (headless Chrome) of the stock-sales-margin report; wide tables are cut off at the right edge.,ERP team earlier analysis,Sales Sep 2025 to Jul 2026; rendered 25 Jul 2026,Hazaribagh (HZB; same Store as JSL),many,cost and margin,store-analysis/hazaribagh/Hazaribagh-Stock-Sales-Margin.html,docs/data-from-kdps/store-analysis/hazaribagh/README.md,analyses-and-metrics.md; pos-exports.md; stores-and-codes.md
store-analysis/hazaribagh/SOH_Hazaribagh.xlsx,store-analysis/hazaribagh,.xlsx,xlsx,no,1521.6,Sheet1 (17053); Sheet2 (203),"Hazaribagh stock-on-hand snapshot (17,051 in-stock barcodes) with supplier, cost and an OFFER flag, plus a leftover pivot sheet.",KDPS old POS export,Stock as on 24 Jul 2026,Hazaribagh (series JSL),many,cost and margin,,docs/data-from-kdps/store-analysis/hazaribagh/README.md,analyses-and-metrics.md; data-quality-and-import-rules.md; item-master-vocabulary.md; pos-export-layouts.json; pos-exports.md; stores-and-codes.md
store-analysis/hazaribagh/Sales_Hazaribagh.xlsx,store-analysis/hazaribagh,.xlsx,xlsx,no,4510.1,Sheet1 (26199); Sheet2 (204),"Hazaribagh sales report from the first bill: 26,195 lines in 7,094 bills (25-26/JSL and 26-27/JSL series), plus a leftover pivot sheet.",KDPS old POS export,4 Sep 2025 to 24 Jul 2026,Hazaribagh (series JSL),many (346 brands),customer names and phones; staff names,"store-analysis/jsl/fy 25-26 sales.xlsx (same Store, bills overlap line for line); store-analysis/jsl/fy 26-27 sales.xlsx (same Store, bills overlap line for line up to 30 Jun 2026)",docs/data-from-kdps/store-analysis/hazaribagh/README.md,access-and-store-asks.md; analyses-and-metrics.md; data-quality-and-import-rules.md; item-master-vocabulary.md; pos-export-layouts.json; pos-exports.md; stores-and-codes.md
store-analysis/hazaribagh/build-report.py,store-analysis/hazaribagh,.py,text,no,42.3,,Python script (661 lines) that reads the two Hazaribagh workbooks and writes the stock-sales-margin HTML report; thresholds and some text are hard-coded analyst assumptions.,ERP team earlier analysis,Script run 25 Jul 2026,Hazaribagh,,cost and margin,,docs/data-from-kdps/store-analysis/hazaribagh/README.md,analyses-and-metrics.md; pos-exports.md; stores-and-codes.md
store-analysis/hazaribagh/dashboard-config.json,store-analysis/hazaribagh,.json,text,no,0.2,,"Config for the dashboard skill (store name and code, region, running-cost assumptions, stock date); costs are analyst inputs, not KDPS-approved.",ERP team earlier analysis,Stock date 24 Jul 2026,Hazaribagh (HZB),,cost and margin,"store-analysis/jsl/dashboard-config.json (same keys, differs only in store_name, store_code, region, soh_as_on)",docs/data-from-kdps/store-analysis/hazaribagh/README.md,analyses-and-metrics.md; pos-exports.md; stores-and-codes.md
store-analysis/jsl/JSL-Business-Analysis-2026.html,store-analysis/jsl,.html,text,no,37.4,,"AI-assisted full business analysis of the JSL (Hazaribagh) Store, a long written version of the dashboard.",ERP team earlier analysis,Sales Sep 2025 to Jun 2026; dated 1 Jul 2026,Hazaribagh (JSL; same Store as HZB),many,cost and margin; staff names,store-analysis/jsl/JSL-Business-Analysis-2026.pdf (PDF render of the same report),docs/data-from-kdps/store-analysis/jsl/README.md,analyses-and-metrics.md; pos-exports.md; stores-and-codes.md
store-analysis/jsl/JSL-Business-Analysis-2026.pdf,store-analysis/jsl,.pdf,pdf,no,1175.7,8 pages,Eight-page PDF render (headless Chrome) of the JSL business analysis.,ERP team earlier analysis,Sales Sep 2025 to Jun 2026; rendered 30 Jun 2026,Hazaribagh (JSL; same Store as HZB),many,cost and margin; staff names,store-analysis/jsl/JSL-Business-Analysis-2026.html,docs/data-from-kdps/store-analysis/jsl/README.md,analyses-and-metrics.md; pos-exports.md; stores-and-codes.md
store-analysis/jsl/JSL-Dashboard.html,store-analysis/jsl,.html,text,no,35.0,,"AI-assisted monthly store dashboard for JSL (Hazaribagh) with 16 measures, built from the same template as the HZB dashboard.",ERP team earlier analysis,Sales 4 Sep 2025 to 30 Jun 2026; rendered 27 Jul 2026,Hazaribagh (JSL; same Store as HZB),many,cost and margin; staff names,store-analysis/jsl/JSL-Dashboard.pdf (PDF render of the same dashboard),docs/data-from-kdps/store-analysis/jsl/README.md,analyses-and-metrics.md; pos-exports.md; stores-and-codes.md
store-analysis/jsl/JSL-Dashboard.pdf,store-analysis/jsl,.pdf,pdf,no,1147.5,8 pages,Eight-page PDF render (headless Chrome) of the JSL dashboard.,ERP team earlier analysis,Sales 4 Sep 2025 to 30 Jun 2026; rendered 27 Jul 2026,Hazaribagh (JSL; same Store as HZB),many,cost and margin; staff names,store-analysis/jsl/JSL-Dashboard.html,docs/data-from-kdps/store-analysis/jsl/README.md,analyses-and-metrics.md; pos-exports.md; stores-and-codes.md
store-analysis/jsl/JSL-Winter-Purchase-Plan-2026.html,store-analysis/jsl,.html,text,no,24.1,,"Plain-words winter buying plan for the JSL Store (what to buy for Oct 2026 to Feb 2027, how much, how to pay); budgets and ratios are analyst assumptions.",ERP team earlier analysis,Based on June 2026 sales and stock as on 30 Jun 2026; dated 30 Jun 2026,Hazaribagh (JSL),many,cost and margin,store-analysis/jsl/JSL-Winter-Purchase-Plan-2026.pdf (PDF render of the same plan),docs/data-from-kdps/store-analysis/jsl/README.md,analyses-and-metrics.md; pos-exports.md; stores-and-codes.md
store-analysis/jsl/JSL-Winter-Purchase-Plan-2026.pdf,store-analysis/jsl,.pdf,pdf,no,850.0,6 pages,Six-page PDF render (headless Chrome) of the JSL winter purchase plan.,ERP team earlier analysis,Based on June 2026 sales and stock as on 30 Jun 2026; rendered 30 Jun 2026,Hazaribagh (JSL),many,cost and margin,store-analysis/jsl/JSL-Winter-Purchase-Plan-2026.html,docs/data-from-kdps/store-analysis/jsl/README.md,analyses-and-metrics.md; pos-exports.md; stores-and-codes.md
store-analysis/jsl/dashboard-config.json,store-analysis/jsl,.json,text,no,0.2,,"Config for the dashboard skill for JSL (store name and code, region Bihar / Jharkhand, running-cost assumptions, stock date); costs are analyst inputs.",ERP team earlier analysis,Stock date 30 Jun 2026,Hazaribagh (JSL),,cost and margin,"store-analysis/hazaribagh/dashboard-config.json (same keys, differs only in store_name, store_code, region, soh_as_on)",docs/data-from-kdps/store-analysis/jsl/README.md,analyses-and-metrics.md; pos-exports.md; stores-and-codes.md
store-analysis/jsl/fy 25-26 sales.xlsx,store-analysis/jsl,.xlsx,xlsx,no,2469.2,Sheet2 (8); Sheet4 (115); Sheet3 (113); Sheet1 (17043),"JSL (Hazaribagh) sales report for FY 2025-26: 17,039 lines in 4,611 bills (25-26/JSL series), with a total row and a SALES RETURN marker row at the end.",KDPS old POS export,4 Sep 2025 to 31 Mar 2026,Hazaribagh (series JSL),many (291 brands),customer names and phones; staff names,"store-analysis/hazaribagh/Sales_Hazaribagh.xlsx (same bills, overlapping)",docs/data-from-kdps/store-analysis/jsl/README.md,analyses-and-metrics.md; data-quality-and-import-rules.md; pos-export-layouts.json; pos-exports.md; stores-and-codes.md
store-analysis/jsl/fy 26-27 sales.xlsx,store-analysis/jsl,.xlsx,xlsx,no,757.5,Sheet1 (7401),"JSL (Hazaribagh) sales report for FY 2026-27: 7,397 lines in 2,029 bills (26-27/JSL series).",KDPS old POS export,1 Apr to 30 Jun 2026,Hazaribagh (series JSL),many (269 brands),customer names and phones; staff names,"store-analysis/hazaribagh/Sales_Hazaribagh.xlsx (same bills, overlapping)",docs/data-from-kdps/store-analysis/jsl/README.md,analyses-and-metrics.md; data-quality-and-import-rules.md; pos-export-layouts.json; pos-exports.md; stores-and-codes.md
store-analysis/jsl/june sales report.xlsx,store-analysis/jsl,.xlsx,xlsx,no,297.1,Sheet1 (2255),"JSL (Hazaribagh) June 2026 sales report: 2,251 lines in 595 bills, bills 1418 to 2012 of the FY 2026-27 file.",KDPS old POS export,1 to 29 Jun 2026,Hazaribagh (series JSL),many (191 brands),customer names and phones; staff names,"store-analysis/jsl/fy 26-27 sales.xlsx (subset: bills 1418 to 2012, identical line for line)",docs/data-from-kdps/store-analysis/jsl/README.md,analyses-and-metrics.md; data-quality-and-import-rules.md; pos-export-layouts.json; pos-exports.md; stores-and-codes.md
store-analysis/jsl/soh30626.xlsx,store-analysis/jsl,.xlsx,xlsx,no,2097.6,Sheet1 (29370),"JSL (Hazaribagh) stock movement statement, one row per barcode (29,368 rows) with opening, purchase, sale, adjustment, return, transfer and closing columns.",KDPS old POS export,Stock as on 30 Jun 2026; movements fit 1 Apr to 30 Jun 2026 (inferred),Hazaribagh (JSL),many,cost and margin,,docs/data-from-kdps/store-analysis/jsl/README.md,analyses-and-metrics.md; data-quality-and-import-rules.md; pos-export-layouts.json; pos-exports.md; stores-and-codes.md; transfers.md
store-requirements-users/WhatsApp Image 2026-06-30 at 07.38.57.jpeg,store-requirements-users,.jpeg,jpeg,no,125.8,,"Phone photo of notebook page 1 of Store screen asks (Sell, Inventory, Reports, Barcode and Item search, Attendance, Customer Search, Member Details).",KDPS staff,Photographed 30 Jun 2026,,,none,"store-requirements-users/store-ops-notes-2026-07-25-p1.png (same page, re-saved)",docs/data-from-kdps/store-requirements-users/README.md,access-and-store-asks.md
store-requirements-users/WhatsApp Image 2026-06-30 at 07.38.58.jpeg,store-requirements-users,.jpeg,jpeg,no,125.2,,"Phone photo of notebook page 2 of Store screen asks (Attendance, Customer Search, Member Details, Reports).",KDPS staff,Photographed 30 Jun 2026,,,none,"store-requirements-users/store-ops-notes-2026-07-25-p2.png (same page, re-saved)",docs/data-from-kdps/store-requirements-users/README.md,access-and-store-asks.md
store-requirements-users/store-ops-notes-2026-07-25-p1.png,store-requirements-users,.png,png,no,1348.8,,"PNG of notebook page 1 of the Store asks, made for the 25 Jul HTML file; the same page as the 30 Jun photo.",ERP team earlier analysis (guess),Page photographed 30 Jun 2026; file named 25 Jul 2026,,,none,"store-requirements-users/WhatsApp Image 2026-06-30 at 07.38.57.jpeg (same page, re-saved)",docs/data-from-kdps/store-requirements-users/README.md,access-and-store-asks.md
store-requirements-users/store-ops-notes-2026-07-25-p2.png,store-requirements-users,.png,png,no,1319.2,,"PNG of notebook page 2 of the Store asks, made for the 25 Jul HTML file; the same page as the 30 Jun photo.",ERP team earlier analysis (guess),Page photographed 30 Jun 2026; file named 25 Jul 2026,,,none,"store-requirements-users/WhatsApp Image 2026-06-30 at 07.38.58.jpeg (same page, re-saved)",docs/data-from-kdps/store-requirements-users/README.md,access-and-store-asks.md
store-requirements-users/store-ops-notes-vs-build-2026-07-25.html,store-requirements-users,.html,text,no,13.3,,"ERP-team HTML table lining up the Store asks against what the earlier product (RetailsOps) had built, headed as a 25 Jul note; it compares with the earlier product, not Apparel OS.",ERP team earlier analysis,25 Jul 2026,,,none,,docs/data-from-kdps/store-requirements-users/README.md,access-and-store-asks.md
store-requirements-users/store-requirements-vs-build-2026-06-30.html,store-requirements-users,.html,text,no,16.7,,"ERP-team HTML transcription of the two notebook pages with a status table against the earlier product (RetailsOps), captured 30 Jun 2026.",ERP team earlier analysis,30 Jun 2026,,,none,,docs/data-from-kdps/store-requirements-users/README.md,access-and-store-asks.md
transfer-data/WhatsApp Image 2026-06-25 at 16.07.44.jpeg,transfer-data,.jpeg,jpeg,no,83.5,,"Phone photo of a Ranchi to Deoghar road-carrier gate pass (consignment 15460, freight Rs 600) with a handwritten freight split between two Stores.",KDPS staff,Gate pass dated 23 Jun 2026,Ranchi to Deoghar (Lee Deoghar; Vaishnavi Deoghar),,GST and tax IDs,,docs/data-from-kdps/transfer-data/README.md,transfers.md
transfer-data/WhatsApp Image 2026-06-25 at 16.07.56.jpeg,transfer-data,.jpeg,jpeg,no,190.6,,"Phone photo of a KDPS delivery challan DCJ/26-27/0073 (26 frocks, no tax) and a Vishal Roadways consignment note for stock from Ranchi to Hazaribagh.",KDPS staff,Challan dated 23 Jun 2026,"Ranchi to Hazaribagh (challan billed to Deoghar, shipped to Hazaribagh)",,GST and tax IDs; staff names,,docs/data-from-kdps/transfer-data/README.md,transfers.md
transfer-data/WhatsApp Image 2026-06-25 at 16.08.49.jpeg,transfer-data,.jpeg,jpeg,no,151.7,,"Phone photo of a Ranchi to Deoghar gate pass (consignment 14228, freight Rs 800) and a sheet of handwritten receiving tallies of pieces by document number.",KDPS staff,Gate pass dated 16 Jun 2026,Ranchi to Deoghar,,GST and tax IDs,,docs/data-from-kdps/transfer-data/README.md,transfers.md
